{
  "capacity": 8,
  "cpu_percent": 100.03789516898689,
  "cpu_seconds": 0.007935415000000001,
  "elapsed_seconds": 0.007932409000204643,
  "idle_cpu_percent": 3.4313892752673105,
  "idle_elapsed_seconds": 0.01043329599997378,
  "items": 200,
  "p95_ms": 1.9368150001355389,
  "peak_rss_mb": 24.06640625,
  "queue": {
    "accepted": 200,
    "bytes": 0,
    "closed": false,
    "coalesced": 0,
    "items": 0,
    "max_bytes": 0,
    "max_items": 8,
    "overload": "wait",
    "rejected": 0,
    "schema": "simplicio.async-bounded-queue/v1",
    "unfinished": 0,
    "wait_count": 24
  },
  "repeats": 5,
  "rss_source": "resource.getrusage",
  "schema": "simplicio.async-queue-benchmark/v1",
  "throughput_per_second": 126065.10833899281
}
