{"schema": "simplicio.evidence-binding-bench/v1", "iterations": 100000, "elapsed_ms": 1713.057276, "ns_per_validation": 17130.57276, "throughput_per_second": 58375.16433396825}
