{
  "governed": {
    "cpu_percent": 102.62940237507743,
    "cpu_seconds": 0.014538905000000005,
    "elapsed_seconds": 0.014166413000111788,
    "p95_ms": 0.14182370023263502,
    "throttle_receipts": 0,
    "throughput_per_second": 7058.949926082974
  },
  "overhead_percent": 21.59655240666499,
  "peak_rss_mb": 18.5078125,
  "rss_source": "resource.getrusage",
  "schema": "simplicio.hub-governor-benchmark/v1",
  "tasks": 100,
  "ungoverned": {
    "cpu_percent": 87.61577021347092,
    "cpu_seconds": 0.010207536000000017,
    "elapsed_seconds": 0.011650341000404296,
    "p95_ms": 0.08479464997890318,
    "throttle_receipts": 0,
    "throughput_per_second": 8583.439746229724
  },
  "workers": 8
}
