{
  "schema": "simplicio.hub-queue-agent-benchmark/v1",
  "iterations": 200,
  "operation": "claim with durable before/after fsync journal and fake Hub transport",
  "mean_ms": 11.09568338,
  "median_ms": 6.862363,
  "p95_ms": 12.315453,
  "throughput_ops_per_second": 90.12513837610965,
  "raw_samples_ms": [
    7.708907,
    6.920559,
    6.222278,
    6.235958,
    6.373582,
    7.393882,
    8.152846,
    7.554568,
    7.341391,
    6.653509,
    5.860453,
    6.599134,
    6.07166,
    8.509289,
    7.768465,
    8.001507,
    7.396992,
    7.24505,
    6.506219,
    6.988615,
    6.048542,
    6.754445,
    6.337536,
    5.623924,
    6.095951,
    5.933683,
    5.982297,
    10.821862,
    9.972066,
    14.793984,
    8.946889,
    10.410016,
    10.09353,
    12.9259,
    13.739814,
    10.422102,
    113.477528,
    652.110424,
    7.308944,
    6.790852,
    6.202697,
    6.23842,
    5.632088,
    6.294408,
    13.05976,
    6.562801,
    5.873075,
    6.951609,
    5.953015,
    5.780466,
    5.363447,
    5.8851,
    6.893139,
    7.142542,
    6.624172,
    7.419182,
    6.484274,
    6.243198,
    5.529234,
    6.037639,
    6.623306,
    5.870564,
    10.064684,
    7.693919,
    6.914412,
    6.780585,
    6.23572,
    6.151464,
    11.424123,
    5.181814,
    5.541978,
    6.240986,
    5.602336,
    11.881813,
    11.58148,
    12.441643,
    6.563078,
    8.095498,
    7.690936,
    6.208286,
    6.448643,
    6.410056,
    6.369805,
    7.583242,
    7.117218,
    6.583424,
    7.240587,
    6.196136,
    6.668114,
    6.379527,
    6.879799,
    7.093394,
    6.808135,
    5.805152,
    7.264345,
    6.864244,
    6.660071,
    10.038443,
    6.996047,
    6.50871,
    7.146636,
    6.275321,
    6.427399,
    7.205372,
    6.253855,
    6.738514,
    6.128414,
    6.678655,
    10.581656,
    7.857539,
    5.758941,
    6.199486,
    5.48448,
    6.235626,
    6.089235,
    5.450687,
    5.323956,
    5.778297,
    7.073499,
    13.741784,
    7.766399,
    7.818072,
    6.497648,
    12.315453,
    7.537231,
    7.667013,
    8.919011,
    7.899227,
    8.145618,
    7.815114,
    6.758432,
    8.231951,
    7.628382,
    6.417853,
    6.1976,
    6.292237,
    6.503421,
    6.844887,
    5.69208,
    5.862626,
    7.888077,
    6.415249,
    6.706463,
    7.484443,
    7.484833,
    7.368305,
    7.048801,
    6.180462,
    6.329377,
    6.548108,
    5.920452,
    6.196057,
    14.18026,
    6.63322,
    5.743163,
    6.795957,
    5.039556,
    6.08902,
    5.643624,
    4.959725,
    6.860482,
    5.281968,
    7.034534,
    7.114057,
    5.898755,
    8.977147,
    7.313512,
    7.611881,
    6.723859,
    8.71207,
    7.503103,
    7.101925,
    7.969108,
    7.601931,
    7.327326,
    5.925278,
    5.584752,
    14.313543,
    5.409611,
    7.489313,
    8.37209,
    7.859845,
    7.028331,
    7.896119,
    8.827269,
    6.748124,
    6.520599,
    7.119507,
    7.021873,
    6.730504,
    9.278148,
    10.927078,
    9.140677,
    9.570742,
    7.165101,
    7.33494,
    7.173638,
    6.903388,
    7.173268,
    7.727385
  ]
}
