{
  "commit": "b5ddbd6af76392198906e61d0911a236eca3bcf8",
  "dispatch_p50_ms": 0.0023784999996223632,
  "dispatch_p95_ms": 0.0025509999659334426,
  "dispatch_p99_ms": 0.004842999999254971,
  "elapsed_seconds": 0.0031917599999928825,
  "environment": {
    "platform": "Linux-6.12.13-x86_64-with-glibc2.39",
    "python": "3.12.13"
  },
  "heavy_jobs": 500,
  "jains_fairness_index": 0.6923076923076923,
  "light_jobs": 100,
  "peak_rss_mb": 23.1015625,
  "queue_wait_p95_ms": 7.939270999997916,
  "queue_wait_p99_ms": 7.9476689999751216,
  "rss_source": "resource.getrusage",
  "schema": "simplicio.hub-scheduler-benchmark/v1",
  "served": {
    "heavy": 500,
    "light": 100
  },
  "starvation_preventions": 0,
  "throughput_per_second": 187984.05895222008
}
