{
  "repeats": 200,
  "median_seconds": 0.004383150000649039,
  "mean_seconds": 0.00698928449997311,
  "min_seconds": 0.0004673000003094785,
  "max_seconds": 0.032429799999590614
}
